Year,name,position,team,adp,PlayerID
2017,David Johnson,RB,ARI,1.3,JohnDa08
2017,Le'Veon Bell,RB,PIT,2.3,BellLe00
2017,Antonio Brown,WR,PIT,3.7,BrowAn04
2017,Julio Jones,WR,ATL,5.7,JoneJu02
2017,Ezekiel Elliott,RB,DAL,6.2,ElliEz00
2017,Odell Beckham Jr,WR,NYG,6.4,BeckOd00
2017,Devonta Freeman,RB,ATL,7,FreeDe00
2017,LeSean McCoy,RB,BUF,7.8,McCoLe01
2017,Mike Evans,WR,TB,7.9,EvanMi00
2017,A.J. Green,WR,CIN,10,GreeA.00
2017,Melvin Gordon,RB,LAC,10.1,GordMe00
2017,Jordy Nelson,WR,GB,11.4,NelsJo00
2017,Michael Thomas,WR,NO,13.3,ThomMi05
2017,Jay Ajayi,RB,PHI,13.8,AjayJa00
2017,DeMarco Murray,RB,TEN,15.2,MurrDe00
2017,Jordan Howard,RB,CHI,16.8,HowaJo00
2017,Brandin Cooks,WR,NE,17.1,CookBr00
2017,Rob Gronkowski,TE,NE,18.1,GronRo00
2017,Kareem Hunt,RB,KC,18.7,HuntKa00
2017,Todd Gurley,RB,LAR,19.4,GurlTo01
2017,Dez Bryant,WR,DAL,20.5,BryaDe01
2017,Amari Cooper,WR,LV,21.3,CoopAm00
2017,Doug Baldwin,WR,SEA,22.4,BaldDo00
2017,Christian McCaffrey,RB,CAR,22.9,McCaCh01
2017,Aaron Rodgers,QB,GB,23.4,RodgAa00
2017,Keenan Allen,WR,LAC,25.8,AlleKe00
2017,Leonard Fournette,RB,JAX,27,FourLe00
2017,Dalvin Cook,RB,MIN,27.5,CookDa01
2017,T.Y. Hilton,WR,IND,28.8,HiltT.00
2017,Tom Brady,QB,NE,29.6,BradTo00
2017,Isaiah Crowell,RB,CLE,29.8,CrowIs00
2017,Terrelle Pryor,WR,WAS,30.2,PryoTe00
2017,DeAndre Hopkins,WR,HOU,31.7,HopkDe00
2017,Ty Montgomery,RB,GB,32.6,MontTy01
2017,Demaryius Thomas,WR,DEN,34.5,ThomDe03
2017,Carlos Hyde,RB,SF,35.2,HydeCa00
2017,Lamar Miller,RB,HOU,35.2,MillLa01
2017,Marshawn Lynch,RB,LV,36.4,LyncMa00
2017,Kelvin Benjamin,WR,BUF,38.6,BenjKe00
2017,Travis Kelce,TE,KC,38.9,KelcTr00
2017,Alshon Jeffery,WR,PHI,39.1,JeffAl00
2017,Martavis Bryant,WR,PIT,40.9,BryaMa00
2017,Drew Brees,QB,NO,41.7,BreeDr00
2017,Joe Mixon,RB,CIN,42.5,MixoJo00
2017,Michael Crabtree,WR,LV,43.7,CrabMi00
2017,Davante Adams,WR,GB,44.9,AdamDa01
2017,Tyreek Hill,WR,KC,45.5,HillTy00
2017,Golden Tate,WR,DET,47.8,TateGo00
2017,Larry Fitzgerald,WR,ARI,48.4,FitzLa00
2017,Bilal Powell,RB,NYJ,48.6,PoweBi00
2017,Doug Martin,RB,TB,49,MartDo00
2017,CJ Anderson,RB,DEN,51.4,AndeC.00
2017,Greg Olsen,TE,CAR,51.5,OlseGr00
2017,DeVante Parker,WR,MIA,51.9,ParkDe01
2017,Ameer Abdullah,RB,DET,53,AbduAm00
2017,Jordan Reed,TE,WAS,54.1,ReedJo02
2017,Stefon Diggs,WR,MIN,54.8,DiggSt00
2017,Matt Ryan,QB,ATL,56.4,RyanMa00
2017,Allen Robinson,WR,JAX,57,RobiAl02
2017,Jimmy Graham,TE,SEA,57.6,GrahJi00
2017,Mark Ingram,RB,NO,57.6,IngrMa01
2017,Jamison Crowder,WR,WAS,61.2,CrowJa00
2017,Danny Woodhead,RB,BAL,61.7,WoodDa02
2017,Jarvis Landry,WR,MIA,64,LandJa00
2017,Russell Wilson,QB,SEA,64.3,WilsRu00
2017,Brandon Marshall,WR,NYG,65.2,MarsBr00
2017,Mike Gillislee,RB,NE,65.3,GillMi00
2017,Pierre Garcon,WR,SF,66.4,GarcPi00
2017,Rob Kelley,RB,WAS,67,KellRo00
2017,Adrian Peterson,RB,ARI,69.9,PeteAd01
2017,Sammy Watkins,WR,LAR,70,WatkSa00
2017,Tyler Eifert,TE,CIN,70.4,EifeTy00
2017,Zach Ertz,TE,PHI,72.8,ErtzZa00
2017,Tevin Coleman,RB,ATL,73.2,ColeTe01
2017,Emmanuel Sanders,WR,DEN,73.9,SandEm00
2017,Derek Carr,QB,LV,74.2,CarrDe02
2017,Darren McFadden,RB,DAL,75.3,McFaDa00
2017,Chris Hogan,WR,NE,76.5,HogaCh00
2017,Marcus Mariota,QB,TEN,76.8,MariMa01
2017,Derrick Henry,RB,TEN,77.9,HenrDe00
2017,Delanie Walker,TE,TEN,79.9,WalkHu00
2017,Jameis Winston,QB,TB,82.4,WinsJa00
2017,Theo Riddick,RB,DET,83,RiddTh00
2017,Paul Perkins,RB,NYG,83.4,PerkPa00
2017,Jeremy Maclin,WR,BAL,83.4,MaclJe00
2017,Kyle Rudolph,TE,MIN,83.6,RudoKy00
2017,Willie Snead,WR,NO,83.8,SneaWi00
2017,Frank Gore,RB,IND,86.1,GoreFr00
2017,Kirk Cousins,QB,WAS,86.3,CousKi00
2017,Terrance West,RB,BAL,86.8,WestTe00
2017,Martellus Bennett,TE,NE,87.6,BennMa00
2017,Eric Decker,WR,TEN,88.7,DeckEr00
2017,Cam Newton,QB,CAR,89.9,NewtCa00
2017,DeSean Jackson,WR,TB,90.4,JackDe00
2017,LeGarrette Blount,RB,PHI,91.9,BlouLe00
2017,Randall Cobb,WR,GB,92.2,CobbRa00
2017,Duke Johnson,RB,CLE,94.2,JohnDu00
2017,Tyrell Williams,WR,LAC,95,WillTy00
2017,Thomas Rawls,RB,SEA,95.7,RawlTh00
2017,Jacquizz Rodgers,RB,TB,95.9,RodgJa00
2017,Corey Coleman,WR,CLE,96.4,ColeCo00
2017,Adam Thielen,WR,MIN,98.6,ThieAd00
2017,Andrew Luck,QB,IND,100.3,LuckAn00
2017,Ben Roethlisberger,QB,PIT,101,RoetBe00
2017,Jonathan Stewart,RB,CAR,101.4,StewJo00
2017,James White,RB,NE,102.7,WhitJa02
2017,Donte Moncrief,WR,IND,105.7,MoncDo00
2017,Hunter Henry,TE,LAC,106.1,HenrHu00
2017,Marvin Jones,WR,DET,106.3,JoneMa02
2017,Eddie Lacy,RB,SEA,106.6,LacyEd00
2017,John Brown,WR,ARI,108.6,BrowJo02
2017,Philip Rivers,QB,LAC,108.7,RivePh00
2017,Corey Davis,WR,TEN,110.9,DaviCo03
2017,Dak Prescott,QB,DAL,112.8,PresDa01
2017,Rex Burkhead,RB,NE,113.4,BurkRe00
2017,Jamaal Williams,RB,GB,114.3,WillJa06
2017,Rishard Matthews,WR,TEN,116,MattRi00
2017,Darren Sproles,RB,PHI,116.3,SproDa00
2017,Matthew Stafford,QB,DET,116.5,StafMa00
2017,Ted Ginn Jr,WR,NO,116.9,GinnTe00
2017,Jordan Matthews,WR,BUF,117.5,MattJo00
2017,Cooper Kupp,WR,LAR,121.3,KuppCo00
2017,Zay Jones,WR,BUF,122,JoneZa00
2017,Jamaal Charles,RB,DEN,123.3,CharJa00
2017,Eric Ebron,TE,DET,124,EbroEr00
2017,Mike Wallace,WR,BAL,125.9,WallMi00
2017,Andy Dalton,QB,CIN,126.5,DaltAn00
2017,Samaje Perine,RB,WAS,126.8,PeriSa00
2017,Kevin White,WR,CHI,127,WhitKe00
2017,CJ Prosise,RB,SEA,129.4,ProsC.00
2017,Danny Amendola,WR,NE,132.2,AmenDa00
2017,Carson Wentz,QB,PHI,132.3,WentCa00
2017,Matt Forte,RB,NYJ,132.6,FortMa00
2017,Jack Doyle,TE,IND,132.6,DoylJa00
2017,Jeremy Hill,RB,CIN,134.5,HillJe01
2017,Kenny Britt,WR,NE,136.2,BritKe00
2017,Cole Beasley,WR,DAL,136.2,BeasCo00
2017,Eli Manning,QB,NYG,137.1,MannEl00
2017,Alvin Kamara,RB,NO,140,KamaAl00
2017,Marlon Mack,RB,IND,141.3,MackMa00
2017,Carson Palmer,QB,ARI,142.3,PalmCa00
2017,Robby Anderson,WR,NYJ,143.4,AndeRo04
2017,Wendell Smallwood,RB,PHI,146.1,SmalWe00
2017,Austin Hooper,TE,ATL,146.6,HoopAu00
2017,Kendall Wright,WR,CHI,148.4,WrigKe01
2017,Chris Carson,RB,SEA,149.7,CarsCh00
2017,Jason Witten,TE,DAL,150.5,WittJa00
2017,Taylor Gabriel,WR,ATL,151.4,GabrTa00
2017,Kenny Golladay,WR,DET,151.6,GollKe00
2017,Coby Fleener,TE,NO,152.3,FleeCo00
2017,Sterling Shepard,WR,NYG,152.3,ShepSt00
2017,O.J. Howard,TE,TB,152.7,HowaO.00
2017,Latavius Murray,RB,MIN,154.4,MurrLa00
2017,DeAndre Washington,RB,LV,155.2,WashDe00
2017,Dion Lewis,RB,NE,155.9,LewiDi00
2017,Jay Cutler,QB,MIA,155.9,CutlJa00
2017,Tyler Lockett,WR,SEA,156.1,LockTy00
2017,Jonathan Williams,RB,NO,156.1,WillJo07
2017,Donta Foreman,RB,HOU,157,ForeDO00
2017,Giovani Bernard,RB,CIN,159.6,BernGi00
2017,Charcandrick West,RB,KC,160.7,WestCh01
2017,Tyrod Taylor,QB,BUF,162.4,TaylTy00
2017,Mohamed Sanu,WR,ATL,162.9,SanuMo00
2018,Todd Gurley,RB,LAR,1.5,GurlTo01
2018,David Johnson,RB,ARI,2.8,JohnDa08
2018,LeVeon Bell,RB,PIT,3,BellLe00
2018,Antonio Brown,WR,PIT,4.7,BrowAn04
2018,Ezekiel Elliott,RB,DAL,5.3,ElliEz00
2018,Alvin Kamara,RB,NO,6.1,KamaAl00
2018,Saquon Barkley,RB,NYG,6.5,BarkSa00
2018,DeAndre Hopkins,WR,HOU,8.8,HopkDe00
2018,Melvin Gordon,RB,LAC,9.1,GordMe00
2018,Leonard Fournette,RB,JAX,9.4,FourLe00
2018,Odell Beckham Jr,WR,NYG,11.2,BeckOd00
2018,Kareem Hunt,RB,KC,11.4,HuntKa00
2018,Christian McCaffrey,RB,CAR,12.7,McCaCh01
2018,Julio Jones,WR,ATL,14.2,JoneJu02
2018,Dalvin Cook,RB,MIN,15.6,CookDa01
2018,Michael Thomas,WR,NO,16,ThomMi05
2018,Keenan Allen,WR,LAC,17.2,AlleKe00
2018,Davante Adams,WR,GB,18.2,AdamDa01
2018,Devonta Freeman,RB,ATL,19.1,FreeDe00
2018,Jordan Howard,RB,CHI,20,HowaJo00
2018,Rob Gronkowski,TE,NE,21,GronRo00
2018,A.J. Green,WR,CIN,21.3,GreeA.00
2018,Joe Mixon,RB,CIN,23.3,MixoJo00
2018,Tyreek Hill,WR,KC,23.7,HillTy00
2018,Mike Evans,WR,TB,25.5,EvanMi00
2018,Stefon Diggs,WR,MIN,26,DiggSt00
2018,T.Y. Hilton,WR,IND,27.4,HiltT.00
2018,Travis Kelce,TE,KC,28.5,KelcTr00
2018,Royce Freeman,RB,DEN,29,FreeRo00
2018,LeSean McCoy,RB,BUF,29.9,McCoLe01
2018,Aaron Rodgers,QB,GB,31.4,RodgAa00
2018,Amari Cooper,WR,DAL,31.4,CoopAm00
2018,Alex Collins,RB,BAL,31.5,CollAl00
2018,Kenyan Drake,RB,MIA,32.8,DrakKe00
2018,Adam Thielen,WR,MIN,33.5,ThieAd00
2018,Jerick McKinnon,RB,SF,34.3,McKiJe00
2018,Larry Fitzgerald,WR,ARI,34.9,FitzLa00
2018,Doug Baldwin,WR,SEA,37.6,BaldDo00
2018,Lamar Miller,RB,HOU,38,MillLa01
2018,Zach Ertz,TE,PHI,39.1,ErtzZa00
2018,Jarvis Landry,WR,CLE,39.4,LandJa00
2018,JuJu Smith-Schuster,WR,PIT,41.2,SmitJu00
2018,Chris Hogan,WR,NE,42.1,HogaCh00
2018,Derrick Henry,RB,TEN,42.1,HenrDe00
2018,Josh Gordon,WR,NE,44.1,GordJo02
2018,Mark Ingram,RB,NO,45.9,IngrMa01
2018,Deshaun Watson,QB,HOU,46.5,WatsDe00
2018,Jay Ajayi,RB,PHI,46.6,AjayJa00
2018,Golden Tate,WR,PHI,46.7,TateGo00
2018,Demaryius Thomas,WR,HOU,47,ThomDe03
2018,Marquise Goodwin,WR,SF,48.9,GoodMa00
2018,Jimmy Graham,TE,GB,49.3,GrahJi00
2018,Tom Brady,QB,NE,50.3,BradTo00
2018,Brandin Cooks,WR,LAR,52.5,CookBr00
2018,Marshawn Lynch,RB,LV,52.6,LyncMa00
2018,Carlos Hyde,RB,JAX,53.9,HydeCa00
2018,Allen Robinson,WR,CHI,55.2,RobiAl02
2018,Dion Lewis,RB,TEN,55.5,LewiDi00
2018,Greg Olsen,TE,CAR,57.5,OlseGr00
2018,Emmanuel Sanders,WR,DEN,57.6,SandEm00
2018,Jamaal Williams,RB,GB,59.7,WillJa06
2018,Russell Wilson,QB,SEA,61,WilsRu00
2018,Corey Davis,WR,TEN,61.1,DaviCo03
2018,Marvin Jones,WR,DET,62.3,JoneMa02
2018,Kerryon Johnson,RB,DET,62.5,JohnKe06
2018,Rex Burkhead,RB,NE,64,BurkRe00
2018,Trey Burton,TE,CHI,64.6,BurtTr01
2018,Julian Edelman,WR,NE,65.5,EdelJu00
2018,Chris Carson,RB,SEA,66.7,CarsCh00
2018,Drew Brees,QB,NO,66.9,BreeDr00
2018,Peyton Barber,RB,TB,69,BarbPe01
2018,Michael Crabtree,WR,BAL,70.4,CrabMi00
2018,Evan Engram,TE,NYG,70.5,EngrEv00
2018,Cam Newton,QB,CAR,71,NewtCa00
2018,Will Fuller,WR,HOU,73,FullWi01
2018,Chris Thompson,RB,WAS,74.1,ThomCh03
2018,Kyle Rudolph,TE,MIN,76.1,RudoKy00
2018,Tevin Coleman,RB,ATL,76.5,ColeTe01
2018,Delanie Walker,TE,TEN,77.6,WalkHu00
2018,Cooper Kupp,WR,LAR,77.8,KuppCo00
2018,Jamison Crowder,WR,WAS,79.5,CrowJa00
2018,Adrian Peterson,RB,WAS,81.1,PeteAd01
2018,Kirk Cousins,QB,MIN,81.7,CousKi00
2018,Alshon Jeffery,WR,PHI,82.8,JeffAl00
2018,Sony Michel,RB,NE,83.5,MichSo00
2018,Carson Wentz,QB,PHI,84.5,WentCa00
2018,Robby Anderson,WR,NYJ,84.8,AndeRo04
2018,Tarik Cohen,RB,CHI,85.2,CoheTa00
2018,Rashaad Penny,RB,SEA,87.1,PennRa00
2018,Devin Funchess,WR,CAR,87.4,FuncDe00
2018,Andrew Luck,QB,IND,87.6,LuckAn00
2018,Jordan Reed,TE,WAS,88.3,ReedJo02
2018,Isaiah Crowell,RB,NYJ,89.6,CrowIs00
2018,Randall Cobb,WR,GB,90.9,CobbRa00
2018,Nelson Agholor,WR,PHI,92.8,AghoNe00
2018,Duke Johnson,RB,CLE,93.5,JohnDu00
2018,Sammy Watkins,WR,KC,93.8,WatkSa00
2018,Marlon Mack,RB,IND,94.3,MackMa00
2018,Jimmy Garoppolo,QB,SF,96.7,GaroJi00
2018,Aaron Jones,RB,GB,97.7,JoneAa00
2018,Jordy Nelson,WR,LV,98.2,NelsJo00
2018,David Njoku,TE,CLE,98.4,NjokDa00
2018,James White,RB,NE,99.5,WhitJa02
2018,Matthew Stafford,QB,DET,100.3,StafMa00
2018,Mike Williams,WR,LAC,102.7,WillMi07
2018,Robert Woods,WR,LAR,103.7,WoodRo02
2018,Sterling Shepard,WR,NYG,106.1,ShepSt00
2018,Philip Rivers,QB,LAC,107.3,RivePh00
2018,Matt Ryan,QB,ATL,108.1,RyanMa00
2018,Kenny Stills,WR,MIA,108.1,StilKe00
2018,Pierre Garcon,WR,SF,108.2,GarcPi00
2018,Ronald Jones II,RB,TB,111.4,JoneRo01
2018,Kelvin Benjamin,WR,KC,113.1,BenjKe00
2018,Keelan Cole,WR,JAX,113.9,ColeKe00
2018,Bilal Powell,RB,NYJ,114.3,PoweBi00
2018,Ben Roethlisberger,QB,PIT,114.5,RoetBe00
2018,Jack Doyle,TE,IND,116.1,DoylJa00
2018,Patrick Mahomes,QB,KC,118.1,MahoPa00
2018,Calvin Ridley,WR,ATL,119.3,RidlCa00
2018,Alfred Morris,RB,SF,119.8,MorrAl00
2018,Latavius Murray,RB,MIN,123.1,MurrLa00
2018,CJ Anderson,RB,LAR,123.3,AndeC.00
2018,John Brown,WR,BAL,123.4,BrowJo02
2018,Jared Goff,QB,LAR,123.9,GoffJa00
2018,Matt Breida,RB,SF,125.6,BreiMa00
2018,Nick Chubb,RB,CLE,126.4,ChubNi00
2018,Allen Hurns,WR,DAL,127.6,HurnAl01
2018,Corey Clement,RB,PHI,128.4,ClemCo00
2018,Michael Gallup,WR,DAL,129.2,GallMi00
2018,Ty Montgomery,RB,BAL,129.2,MontTy01
2018,D.J. Moore,WR,CAR,129.8,MoorD.00
2018,Tyler Lockett,WR,SEA,131.1,LockTy00
2018,Kenny Golladay,WR,DET,131.9,GollKe00
2018,George Kittle,TE,SF,133,KittGe00
2018,Alex Smith,QB,WAS,134.5,SmitAl03
2018,Marcus Mariota,QB,TEN,136,MariMa01
2018,Chris Godwin,WR,TB,138.4,GodwCh00
2018,Giovani Bernard,RB,CIN,140.9,BernGi00
2018,Derek Carr,QB,LV,141.1,CarrDe02
2018,Anthony Miller,WR,CHI,141.5,MillAn02
2018,Geronimo Allison,WR,GB,142.2,AlliGe01
2018,Jordan Wilkins,RB,IND,143.1,WilkJo01
2018,Cameron Meredith,WR,NO,145,MereCa00
2018,Tyler Eifert,TE,CIN,147,EifeTy00
2018,O.J. Howard,TE,TB,151.3,HowaO.00
2018,Jameis Winston,QB,TB,151.7,WinsJa00
2018,John Ross,WR,CIN,152,RossJo00
2018,Dede Westbrook,WR,JAX,152.7,WestDe00
2018,Austin Hooper,TE,ATL,152.9,HoopAu00
2018,LeGarrette Blount,RB,DET,153.9,BlouLe00
2018,Ricky Seals-Jones,TE,ARI,154.1,SealRi00
2018,DeVante Parker,WR,MIA,154.8,ParkDe01
2018,Devontae Booker,RB,DEN,155.6,BookDe00
2018,Eric Ebron,TE,IND,156,EbroEr00
2018,Tyrod Taylor,QB,CLE,156.8,TaylTy00
2018,James Conner,RB,PIT,157.1,ConnJa00
2018,Eli Manning,QB,NYG,157.2,MannEl00
2018,Danny Amendola,WR,MIA,157.6,AmenDa00
2018,Dak Prescott,QB,DAL,158.6,PresDa01
2018,Doug Martin,RB,LV,158.6,MartDo00
2018,Theo Riddick,RB,DET,159.6,RiddTh00
2018,Austin Ekeler,RB,LAC,160.8,EkelAu00
2018,Josh Doctson,WR,WAS,162.3,DoctJo00
2018,Courtland Sutton,WR,DEN,163.1,SuttCo00
2018,Spencer Ware,RB,KC,164.3,WareSp00
2018,Mitch Trubisky,QB,CHI,164.3,TrubMi00
2018,Case Keenum,QB,DEN,165.9,KeenCa00
2018,Christian Kirk,WR,ARI,166.8,KirkCh01
2019,Saquon Barkley,RB,NYG,1.4,BarkSa00
2019,Alvin Kamara,RB,NO,2.5,KamaAl00
2019,Christian McCaffrey,RB,CAR,3.2,McCaCh01
2019,Ezekiel Elliott,RB,DAL,3.9,ElliEz00
2019,Davante Adams,WR,GB,6.4,AdamDa01
2019,DeAndre Hopkins,WR,HOU,7,HopkDe00
2019,James Conner,RB,PIT,7.1,ConnJa00
2019,David Johnson,RB,ARI,7.1,JohnDa08
2019,LeVeon Bell,RB,NYJ,8.8,BellLe00
2019,Julio Jones,WR,ATL,10.2,JoneJu02
2019,Michael Thomas,WR,NO,10.4,ThomMi05
2019,Nick Chubb,RB,CLE,11.7,ChubNi00
2019,JuJu Smith-Schuster,WR,PIT,12.9,SmitJu00
2019,Tyreek Hill,WR,KC,13.9,HillTy00
2019,Dalvin Cook,RB,MIN,14.6,CookDa01
2019,Odell Beckham Jr,WR,CLE,15.1,BeckOd00
2019,Todd Gurley,RB,LAR,16,GurlTo01
2019,Travis Kelce,TE,KC,17.1,KelcTr00
2019,Joe Mixon,RB,CIN,18.4,MixoJo00
2019,Patrick Mahomes,QB,KC,19.3,MahoPa00
2019,Mike Evans,WR,TB,20.2,EvanMi00
2019,Antonio Brown,WR,NE,21.4,BrowAn04
2019,Adam Thielen,WR,MIN,22.9,ThieAd00
2019,Leonard Fournette,RB,JAX,23.2,FourLe00
2019,Keenan Allen,WR,LAC,25,AlleKe00
2019,Damien Williams,RB,KC,25.5,WillDa05
2019,Chris Carson,RB,SEA,26.5,CarsCh00
2019,George Kittle,TE,SF,28.3,KittGe00
2019,Kerryon Johnson,RB,DET,28.5,JohnKe06
2019,Aaron Jones,RB,GB,29.2,JoneAa00
2019,Devonta Freeman,RB,ATL,30.4,FreeDe00
2019,Stefon Diggs,WR,MIN,30.8,DiggSt00
2019,David Montgomery,RB,CHI,31.3,MontDa01
2019,Josh Jacobs,RB,LV,33.1,JacoJo01
2019,Amari Cooper,WR,DAL,33.1,CoopAm00
2019,Zach Ertz,TE,PHI,33.5,ErtzZa00
2019,Julian Edelman,WR,NE,36.1,EdelJu00
2019,Sony Michel,RB,NE,37.4,MichSo00
2019,Brandin Cooks,WR,LAR,39.1,CookBr00
2019,Mark Ingram,RB,BAL,39.7,IngrMa01
2019,Chris Godwin,WR,TB,39.9,GodwCh00
2019,Melvin Gordon,RB,LAC,42,GordMe00
2019,Robert Woods,WR,LAR,42.2,WoodRo02
2019,Tyler Lockett,WR,SEA,42.9,LockTy00
2019,Derrick Henry,RB,TEN,43.8,HenrDe00
2019,Cooper Kupp,WR,LAR,45.2,KuppCo00
2019,Marlon Mack,RB,IND,46.5,MackMa00
2019,Kenny Golladay,WR,DET,47.1,GollKe00
2019,Deshaun Watson,QB,HOU,47.1,WatsDe00
2019,James White,RB,NE,48.1,WhitJa02
2019,T.Y. Hilton,WR,IND,49,HiltT.00
2019,Tyler Boyd,WR,CIN,51.5,BoydTy00
2019,Duke Johnson,RB,HOU,51.7,JohnDu00
2019,Josh Gordon,WR,SEA,52.1,GordJo02
2019,Calvin Ridley,WR,ATL,53.5,RidlCa00
2019,O.J. Howard,TE,TB,54.1,HowaO.00
2019,Phillip Lindsay,RB,DEN,55.6,LindPh00
2019,Aaron Rodgers,QB,GB,55.7,RodgAa00
2019,Evan Engram,TE,NYG,57.3,EngrEv00
2019,Tevin Coleman,RB,SF,57.7,ColeTe01
2019,Miles Sanders,RB,PHI,59,SandMi01
2019,Mike Williams,WR,LAC,60.3,WillMi07
2019,Austin Ekeler,RB,LAC,61.7,EkelAu00
2019,Dede Westbrook,WR,JAX,62.7,WestDe00
2019,Baker Mayfield,QB,CLE,63.2,MayfBa00
2019,Hunter Henry,TE,LAC,63.3,HenrHu00
2019,A.J. Green,WR,CIN,63.8,GreeA.00
2019,Jarvis Landry,WR,CLE,64.8,LandJa00
2019,D.J. Moore,WR,CAR,67.2,MoorD.00
2019,Matt Ryan,QB,ATL,69.2,RyanMa00
2019,Derrius Guice,RB,WAS,69.8,GuicDe00
2019,Jared Cook,TE,NO,70.6,CookJa02
2019,Tarik Cohen,RB,CHI,71,CoheTa00
2019,Alshon Jeffery,WR,PHI,71.9,JeffAl00
2019,Drew Brees,QB,NO,73.9,BreeDr00
2019,Carson Wentz,QB,PHI,74.6,WentCa00
2019,Vance McDonald,TE,PIT,75.1,McDoVa00
2019,Robby Anderson,WR,NYJ,75.9,AndeRo04
2019,Latavius Murray,RB,NO,76.4,MurrLa00
2019,Allen Robinson,WR,CHI,76.6,RobiAl02
2019,Emmanuel Sanders,WR,SF,80.6,SandEm00
2019,Jared Goff,QB,LAR,81.5,GoffJa00
2019,Will Fuller,WR,HOU,81.6,FullWi01
2019,Kenyan Drake,RB,ARI,82.9,DrakKe00
2019,Tony Pollard,RB,DAL,83.3,PollTo00
2019,David Njoku,TE,CLE,83.5,NjokDa00
2019,Devin Singletary,RB,BUF,83.9,SingDe00
2019,Matt Breida,RB,SF,84.8,BreiMa00
2019,Darwin Thompson,RB,KC,86,ThomDa06
2019,Curtis Samuel,WR,CAR,88,SamuCu00
2019,Russell Wilson,QB,SEA,88.4,WilsRu00
2019,Christian Kirk,WR,ARI,89.9,KirkCh01
2019,LeSean McCoy,RB,KC,90.8,McCoLe01
2019,Sterling Shepard,WR,NYG,92.2,ShepSt00
2019,Darrell Henderson,RB,LAR,93,HendDa00
2019,Cam Newton,QB,CAR,94.4,NewtCa00
2019,Rashaad Penny,RB,SEA,95.3,PennRa00
2019,Austin Hooper,TE,ATL,95.4,HoopAu00
2019,Sammy Watkins,WR,KC,96.1,WatkSa00
2019,Lamar Jackson,QB,BAL,97.6,JackLa00
2019,Geronimo Allison,WR,GB,98.7,AlliGe01
2019,Marquez Valdes-Scantling,WR,GB,100.6,ValdMa00
2019,Kareem Hunt,RB,CLE,100.8,HuntKa00
2019,James Washington,WR,PIT,101.3,WashJa00
2019,Jordan Howard,RB,PHI,103.7,HowaJo00
2019,Jameis Winston,QB,TB,105.1,WinsJa00
2019,Marvin Jones,WR,DET,105.3,JoneMa02
2019,Larry Fitzgerald,WR,ARI,106.5,FitzLa00
2019,Ben Roethlisberger,QB,PIT,106.8,RoetBe00
2019,Royce Freeman,RB,DEN,108.1,FreeRo00
2019,Dante Pettis,WR,SF,109.8,PettDa00
2019,Corey Davis,WR,TEN,110.8,DaviCo03
2019,Kyler Murray,QB,ARI,110.9,MurrKy00
2019,Kalen Ballage,RB,MIA,113.5,BallKa00
2019,Michael Gallup,WR,DAL,113.8,GallMi00
2019,Tom Brady,QB,NE,114.6,BradTo00
2019,Delanie Walker,TE,TEN,115.4,WalkHu00
2019,Philip Rivers,QB,LAC,116.1,RivePh00
2019,Eric Ebron,TE,IND,117.5,EbroEr00
2019,Jaylen Samuels,RB,PIT,119,SamuJa00
2019,DeSean Jackson,WR,PHI,119.4,JackDe00
2019,Donte Moncrief,WR,CAR,119.8,MoncDo00
2019,Justin Jackson,RB,LAC,119.9,JackJu01
2019,Justice Hill,RB,BAL,120.7,HillJu00
2019,Golden Tate,WR,NYG,123.3,TateGo00
2019,T.J. Hockenson,TE,DET,126.1,HockTJ00
2019,Courtland Sutton,WR,DEN,126.2,SuttCo00
2019,Dak Prescott,QB,DAL,127.2,PresDa01
2019,Alexander Mattison,RB,MIN,127.3,MattAl01
2019,Jamison Crowder,WR,NYJ,128.8,CrowJa00
2019,Kirk Cousins,QB,MIN,130.7,CousKi00
2019,Peyton Barber,RB,TB,131.3,BarbPe01
2019,Tyrell Williams,WR,LV,131.4,WillTy00
2019,D.K. Metcalf,WR,SEA,131.8,MetcDK00
2019,Adrian Peterson,RB,WAS,133.1,PeteAd01
2019,Anthony Miller,WR,CHI,134.4,MillAn02
2019,John Brown,WR,BUF,136.2,BrowJo02
2019,Mecole Hardman,WR,KC,137.7,HardMe00
2019,Mitch Trubisky,QB,CHI,139.2,TrubMi00
2019,Mark Andrews,TE,BAL,142.1,AndrMa00
2019,Dion Lewis,RB,TEN,142.9,LewiDi00
2019,Josh Allen,QB,BUF,145.8,AlleJo02
2019,Keke Coutee,WR,HOU,146.2,CoutKe00
2019,Jimmy Garoppolo,QB,SF,147.5,GaroJi00
2019,Greg Olsen,TE,CAR,148.9,OlseGr00
2019,Damien Harris,RB,NE,151.4,HarrDa06
2019,Deebo Samuel,WR,SF,151.8,SamuDe00
2019,Carlos Hyde,RB,HOU,151.9,HydeCa00
2019,Frank Gore,RB,BUF,152.3,GoreFr00
2019,Trey Burton,TE,CHI,152.4,BurtTr01
2019,N'Keal Harry,WR,NE,152.8,HarrNK00
2019,Ito Smith,RB,ATL,154.2,SmitIt00
2019,Kyle Rudolph,TE,MIN,154.9,RudoKy00
2019,Darren Waller,TE,LV,155.8,WallDa01
2019,Ty Montgomery,RB,NYJ,157.1,MontTy01
2019,Derek Carr,QB,LV,157.4,CarrDe02
2019,Malcolm Brown,RB,LAR,157.6,BrowMa03
2019,Dare Ogunbowale,RB,TB,157.9,OgunDa00
2019,Jordan Reed,TE,WAS,158,ReedJo02
2019,Ronald Jones II,RB,TB,158.1,JoneRo01
2019,Nyheim Hines,RB,IND,159.2,HineNy00
2019,Cole Beasley,WR,BUF,159.6,BeasCo00
2019,Mohamed Sanu,WR,NE,160.7,SanuMo00
2019,Matthew Stafford,QB,DET,160.8,StafMa00
2019,Demaryius Thomas,WR,NYJ,161.4,ThomDe03
2019,Kenny Stills,WR,HOU,161.5,StilKe00
2019,Tre'Quan Smith,WR,NO,161.6,SmitTr03
2019,Marquise Goodwin,WR,SF,163,GoodMa00
2019,Sam Darnold,QB,NYJ,164.2,DarnSa00
2019,Adam Humphries,WR,TEN,166.9,HumpAd00
2020,Christian McCaffrey,RB,CAR,1.2,McCaCh01
2020,Saquon Barkley,RB,NYG,2.5,BarkSa00
2020,Ezekiel Elliott,RB,DAL,3.4,ElliEz00
2020,Alvin Kamara,RB,NO,4.9,KamaAl00
2020,Michael Thomas,WR,NO,5.6,ThomMi05
2020,Clyde Edwards-Helaire,RB,KC,6.2,EdwaCl00
2020,Dalvin Cook,RB,MIN,6.2,CookDa01
2020,Derrick Henry,RB,TEN,7.4,HenrDe00
2020,Josh Jacobs,RB,LV,9.1,JacoJo01
2020,Davante Adams,WR,GB,10.4,AdamDa01
2020,Austin Ekeler,RB,LAC,11.5,EkelAu00
2020,Miles Sanders,RB,PHI,12,SandMi01
2020,Joe Mixon,RB,CIN,13.1,MixoJo00
2020,Julio Jones,WR,ATL,14.4,JoneJu02
2020,Kenyan Drake,RB,ARI,14.8,DrakKe00
2020,Tyreek Hill,WR,KC,15.8,HillTy00
2020,Nick Chubb,RB,CLE,16.3,ChubNi00
2020,Aaron Jones,RB,GB,17.5,JoneAa00
2020,DeAndre Hopkins,WR,ARI,18.5,HopkDe00
2020,Patrick Mahomes,QB,KC,18.7,MahoPa00
2020,Travis Kelce,TE,KC,19.9,KelcTr00
2020,Chris Godwin,WR,TB,21.5,GodwCh00
2020,James Conner,RB,PIT,22.4,ConnJa00
2020,Lamar Jackson,QB,BAL,22.7,JackLa00
2020,George Kittle,TE,SF,24.4,KittGe00
2020,Kenny Golladay,WR,DET,25.8,GollKe00
2020,Chris Carson,RB,SEA,26.4,CarsCh00
2020,Mike Evans,WR,TB,27.9,EvanMi00
2020,David Johnson,RB,HOU,28.5,JohnDa08
2020,Todd Gurley,RB,ATL,29.1,GurlTo01
2020,Adam Thielen,WR,MIN,30.3,ThieAd00
2020,Allen Robinson,WR,CHI,31.8,RobiAl02
2020,Jonathan Taylor,RB,IND,32.6,TaylJo02
2020,D.J. Moore,WR,CAR,32.6,MoorD.00
2020,LeVeon Bell,RB,KC,34.5,BellLe00
2020,Leonard Fournette,RB,TB,35.4,FourLe00
2020,Odell Beckham Jr,WR,CLE,35.7,BeckOd00
2020,JuJu Smith-Schuster,WR,PIT,36.9,SmitJu00
2020,Amari Cooper,WR,DAL,38.1,CoopAm00
2020,Melvin Gordon,RB,DEN,39.4,GordMe00
2020,Cooper Kupp,WR,LAR,40.3,KuppCo00
2020,Calvin Ridley,WR,ATL,40.9,RidlCa00
2020,Mark Andrews,TE,BAL,42.4,AndrMa00
2020,Robert Woods,WR,LAR,42.4,WoodRo02
2020,Mark Ingram,RB,BAL,42.5,IngrMa01
2020,A.J. Brown,WR,TEN,44.4,BrowAJ00
2020,D.K. Metcalf,WR,SEA,45.3,MetcDK00
2020,Devin Singletary,RB,BUF,46.4,SingDe00
2020,D.J. Chark,WR,JAX,47.5,CharDJ00
2020,Raheem Mostert,RB,SF,49.4,MostRa00
2020,Tyler Lockett,WR,SEA,49.9,LockTy00
2020,Zach Ertz,TE,PHI,50.6,ErtzZa00
2020,Terry McLaurin,WR,WAS,50.8,McLaTe00
2020,Cam Akers,RB,LAR,52.8,AkerCa00
2020,Kareem Hunt,RB,CLE,53.1,HuntKa00
2020,Keenan Allen,WR,LAC,53.5,AlleKe00
2020,Dak Prescott,QB,DAL,54.7,PresDa01
2020,Ronald Jones II,RB,TB,56.5,JoneRo01
2020,T.Y. Hilton,WR,IND,57.5,HiltT.00
2020,Courtland Sutton,WR,DEN,58.1,SuttCo00
2020,David Montgomery,RB,CHI,59.7,MontDa01
2020,Marquise Brown,WR,BAL,60,BrowMa04
2020,D'Andre Swift,RB,DET,61.4,SwifDA00
2020,Darren Waller,TE,LV,61.6,WallDa01
2020,Russell Wilson,QB,SEA,62,WilsRu00
2020,Kyler Murray,QB,ARI,62.6,MurrKy00
2020,Stefon Diggs,WR,BUF,65,DiggSt00
2020,DeVante Parker,WR,MIA,66.7,ParkDe01
2020,J.K. Dobbins,RB,BAL,67,DobbJK00
2020,Deshaun Watson,QB,HOU,69.3,WatsDe00
2020,A.J. Green,WR,CIN,69.8,GreeA.00
2020,Rob Gronkowski,TE,TB,70.4,GronRo00
2020,Will Fuller,WR,HOU,70.5,FullWi01
2020,Michael Gallup,WR,DAL,72.2,GallMi00
2020,James White,RB,NE,72.7,WhitJa02
2020,Marlon Mack,RB,IND,74.6,MackMa00
2020,Evan Engram,TE,NYG,74.8,EngrEv00
2020,Julian Edelman,WR,NE,77.2,EdelJu00
2020,Tyler Boyd,WR,CIN,78.5,BoydTy00
2020,Antonio Gibson,RB,WAS,79,GibsAn00
2020,Hayden Hurst,TE,ATL,79.4,HursHa00
2020,Jordan Howard,RB,PHI,80,HowaJo00
2020,Drew Brees,QB,NO,80.1,BreeDr00
2020,Brandin Cooks,WR,HOU,81.5,CookBr00
2020,Zack Moss,RB,BUF,83.7,MossZa00
2020,Phillip Lindsay,RB,DEN,83.8,LindPh00
2020,Tarik Cohen,RB,CHI,84.6,CoheTa00
2020,Matt Ryan,QB,ATL,84.8,RyanMa00
2020,Jarvis Landry,WR,CLE,85.5,LandJa00
2020,Tom Brady,QB,TB,88,BradTo00
2020,Deebo Samuel,WR,SF,89.1,SamuDe00
2020,Diontae Johnson,WR,PIT,89.4,JohnDi01
2020,Tyler Higbee,TE,LAR,89.7,HigbTy00
2020,Matt Breida,RB,MIA,90.5,BreiMa00
2020,CeeDee Lamb,WR,DAL,93.2,LambCe00
2020,Aaron Rodgers,QB,GB,94.3,RodgAa00
2020,Latavius Murray,RB,NO,94.9,MurrLa00
2020,Marvin Jones,WR,DET,95.1,JoneMa02
2020,Tevin Coleman,RB,SF,96.4,ColeTe01
2020,Alexander Mattison,RB,MIN,96.7,MattAl01
2020,Kerryon Johnson,RB,DET,97.2,JohnKe06
2020,Hunter Henry,TE,LAC,98,HenrHu00
2020,Emmanuel Sanders,WR,NO,100,SandEm00
2020,Chase Edmonds,RB,ARI,101.1,EdmoCh00
2020,Damien Harris,RB,NE,101.1,HarrDa06
2020,Josh Allen,QB,BUF,101.5,AlleJo02
2020,Jamison Crowder,WR,NYJ,102.6,CrowJa00
2020,Henry Ruggs III,WR,LV,104.5,RuggHe00
2020,Mecole Hardman,WR,KC,106.1,HardMe00
2020,Sony Michel,RB,NE,107.4,MichSo00
2020,Carson Wentz,QB,PHI,107.9,WentCa00
2020,Jalen Reagor,WR,PHI,109.5,ReagJa00
2020,Matthew Stafford,QB,DET,111.3,StafMa00
2020,A.J. Dillon,RB,GB,111.9,DillAJ00
2020,Jerry Jeudy,WR,DEN,112.3,JeudJe00
2020,Darius Slayton,WR,NYG,113.2,SlayDa01
2020,Darrell Henderson,RB,LAR,114.1,HendDa00
2020,Jared Cook,TE,NO,115.2,CookJa02
2020,Christian Kirk,WR,ARI,116.9,KirkCh01
2020,Adrian Peterson,RB,DET,118.4,PeteAd01
2020,Sterling Shepard,WR,NYG,118.9,ShepSt00
2020,Tony Pollard,RB,DAL,119.4,PollTo00
2020,Noah Fant,TE,DEN,119.6,FantNo00
2020,Boston Scott,RB,PHI,120.1,ScotBo02
2020,Cam Newton,QB,NE,120.7,NewtCa00
2020,Justin Jefferson,WR,MIN,121.5,JeffJu00
2020,Daniel Jones,QB,NYG,125.4,JoneDa05
2020,Bryce Love,RB,WAS,126.8,LoveBr00
2020,Anthony Miller,WR,CHI,126.9,MillAn02
2020,DeSean Jackson,WR,PHI,127.1,JackDe00
2020,Ben Roethlisberger,QB,PIT,129.5,RoetBe00
2020,Preston Williams,WR,MIA,130.9,WillPr01
2020,Duke Johnson,RB,HOU,131,JohnDu00
2020,Allen Lazard,WR,GB,131,LazaAl00
2020,Ke'Shawn Vaughn,RB,TB,134.4,VaugKe00
2020,Ryquell Armstead,RB,JAX,135.3,ArmsRy00
2020,Joe Burrow,QB,CIN,135.7,BurrJo01
2020,Brandon Aiyuk,WR,SF,135.9,AiyuBr00
2020,Austin Hooper,TE,CLE,136.7,HoopAu00
2020,Justin Jackson,RB,LAC,137.6,JackJu01
2020,Nyheim Hines,RB,IND,139.9,HineNy00
2020,Sammy Watkins,WR,KC,140.5,WatkSa00
2020,T.J. Hockenson,TE,DET,143.1,HockTJ00
2020,Baker Mayfield,QB,CLE,144.7,MayfBa00
2020,Golden Tate,WR,NYG,145.3,TateGo00
2020,Mike Gesicki,TE,MIA,146.5,GesiMi00
2020,Jared Goff,QB,LAR,147.2,GoffJa00
2020,John Brown,WR,BUF,149.1,BrowJo02
2020,Chris Thompson,RB,JAX,149.6,ThomCh03
2020,Michael Pittman Jr.,WR,IND,151.7,PittMi01
2020,Darrel Williams,RB,KC,152.3,WillDa10
2020,Jerick McKinnon,RB,SF,152.3,McKiJe00
2020,Benny Snell Jr.,RB,PIT,152.9,SnelBe00
2020,Breshad Perriman,WR,NYJ,153,PerrBr02
2020,Jonnu Smith,TE,TEN,153.6,SmitJo01
2020,Jack Doyle,TE,IND,153.7,DoylJa00
2020,Chris Herndon IV,TE,NYJ,153.9,HernCh00
2020,Blake Jarwin,TE,DAL,154.4,JarwBl00
2020,Joshua Kelley,RB,LAC,154.5,KellJo01
2020,LeSean McCoy,RB,TB,156,McCoLe01
2020,Ryan Tannehill,QB,TEN,156.4,TannRy00
2020,Carlos Hyde,RB,SEA,156.5,HydeCa00
2020,Jimmy Garoppolo,QB,SF,157.2,GaroJi00
2020,Parris Campbell,WR,IND,158.4,CampPa00
2020,N'Keal Harry,WR,NE,159,HarrNK00
2020,Gardner Minshew,QB,JAX,159.2,MinsGa00
2020,Philip Rivers,QB,IND,159.6,RivePh00
2020,DeAndre Washington,RB,MIA,161.4,WashDe00
2020,Mike Williams,WR,LAC,161.9,WillMi07
2020,Drew Lock,QB,DEN,162.4,LockDr00
2020,Larry Fitzgerald,WR,ARI,162.8,FitzLa00
2020,Curtis Samuel,WR,CAR,163.9,SamuCu00
2020,Robby Anderson,WR,CAR,163.9,AndeRo04
2020,Bryan Edwards,WR,LV,164.2,EdwaBr01
2021,Christian McCaffrey,RB,CAR,1.2,McCaCh01
2021,Dalvin Cook,RB,MIN,2.5,CookDa01
2021,Alvin Kamara,RB,NO,3.8,KamaAl00
2021,Derrick Henry,RB,TEN,4,HenrDe00
2021,Ezekiel Elliott,RB,DAL,5.3,ElliEz00
2021,Davante Adams,WR,GB,6.4,AdamDa01
2021,Aaron Jones,RB,GB,7.5,JoneAa00
2021,Travis Kelce,TE,KC,8.2,KelcTr00
2021,Austin Ekeler,RB,LAC,8.5,EkelAu00
2021,Nick Chubb,RB,CLE,9.9,ChubNi00
2021,Tyreek Hill,WR,KC,10.6,HillTy00
2021,Saquon Barkley,RB,NYG,12,BarkSa00
2021,Najee Harris,RB,PIT,12.9,HarrNa00
2021,Stefon Diggs,WR,BUF,13.5,DiggSt00
2021,Jonathan Taylor,RB,IND,13.8,TaylJo02
2021,Antonio Gibson,RB,WAS,15.6,GibsAn00
2021,DeAndre Hopkins,WR,ARI,17,HopkDe00
2021,Calvin Ridley,WR,ATL,18,RidlCa00
2021,Joe Mixon,RB,CIN,19.2,MixoJo00
2021,D.K. Metcalf,WR,SEA,19.7,MetcDK00
2021,Clyde Edwards-Helaire,RB,KC,20.4,EdwaCl00
2021,Darren Waller,TE,LV,21.5,WallDa01
2021,Justin Jefferson,WR,MIN,22.4,JeffJu00
2021,Patrick Mahomes,QB,KC,22.9,MahoPa00
2021,A.J. Brown,WR,TEN,24.8,BrowAJ00
2021,David Montgomery,RB,CHI,25.9,MontDa01
2021,Keenan Allen,WR,LAC,25.9,AlleKe00
2021,Chris Carson,RB,SEA,28,CarsCh00
2021,George Kittle,TE,SF,28.5,KittGe00
2021,James Robinson,RB,JAX,29.1,RobiJa00
2021,CeeDee Lamb,WR,DAL,29.6,LambCe00
2021,Terry McLaurin,WR,WAS,30.3,McLaTe00
2021,Allen Robinson,WR,CHI,32.7,RobiAl02
2021,D'Andre Swift,RB,DET,34,SwifDA00
2021,Josh Allen,QB,BUF,34.4,AlleJo02
2021,Robert Woods,WR,LAR,35.1,WoodRo02
2021,Josh Jacobs,RB,LV,35.4,JacoJo01
2021,Mike Evans,WR,TB,37.8,EvanMi00
2021,Miles Sanders,RB,PHI,38.7,SandMi01
2021,Amari Cooper,WR,DAL,40,CoopAm00
2021,Kyle Pitts,TE,ATL,40.3,PittKy00
2021,Kyler Murray,QB,ARI,41.3,MurrKy00
2021,Cooper Kupp,WR,LAR,41.3,KuppCo00
2021,Mike Davis,RB,ATL,43.1,DaviMi01
2021,Darrell Henderson,RB,LAR,43.8,HendDa00
2021,Diontae Johnson,WR,PIT,44.9,JohnDi01
2021,Myles Gaskin,RB,MIA,45.7,GaskMy00
2021,Julio Jones,WR,TEN,46,JoneJu02
2021,Chris Godwin,WR,TB,47.2,GodwCh00
2021,Tyler Lockett,WR,SEA,48.4,LockTy00
2021,Lamar Jackson,QB,BAL,50.9,JackLa00
2021,Adam Thielen,WR,MIN,52.3,ThieAd00
2021,Javonte Williams,RB,DEN,52.7,WillJa10
2021,Mark Andrews,TE,BAL,52.8,AndrMa00
2021,Kareem Hunt,RB,CLE,53.2,HuntKa00
2021,Brandon Aiyuk,WR,SF,53.9,AiyuBr00
2021,T.J. Hockenson,TE,DET,55.4,HockTJ00
2021,Damien Harris,RB,NE,55.5,HarrDa06
2021,Gus Edwards,RB,BAL,56.6,EdwaGu00
2021,D.J. Moore,WR,CAR,57,MoorD.00
2021,Aaron Rodgers,QB,GB,59,RodgAa00
2021,Chase Edmonds,RB,ARI,60.4,EdmoCh00
2021,Chase Claypool,WR,PIT,61.1,ClayCh01
2021,Tee Higgins,WR,CIN,61.3,HiggTe00
2021,Raheem Mostert,RB,SF,63,MostRa00
2021,Jerry Jeudy,WR,DEN,64.1,JeudJe00
2021,Dak Prescott,QB,DAL,66.7,PresDa01
2021,Trey Sermon,RB,SF,67.7,SermTr00
2021,Odell Beckham Jr,WR,LAR,69,BeckOd00
2021,Justin Herbert,QB,LAC,69.3,HerbJu00
2021,Russell Wilson,QB,SEA,69.4,WilsRu00
2021,Michael Thomas,WR,NO,69.5,ThomMi05
2021,Logan Thomas,TE,WAS,72.2,ThomLo00
2021,Antonio Brown,WR,TB,72.7,BrowAn04
2021,Robby Anderson,WR,CAR,75,AndeRo04
2021,Melvin Gordon,RB,DEN,75.2,GordMe00
2021,Michael Carter,RB,NYJ,76.1,CartMi03
2021,Ja'Marr Chase,WR,CIN,77.4,ChasJa00
2021,DeVonta Smith,WR,PHI,77.6,SmitDe07
2021,Tom Brady,QB,TB,77.8,BradTo00
2021,A.J. Dillon,RB,GB,79.1,DillAJ00
2021,Noah Fant,TE,DEN,79.2,FantNo00
2021,Ronald Jones II,RB,TB,79.8,JoneRo01
2021,JuJu Smith-Schuster,WR,PIT,82.5,SmitJu00
2021,Kenny Golladay,WR,NYG,82.8,GollKe00
2021,Zack Moss,RB,BUF,83.8,MossZa00
2021,Matthew Stafford,QB,LAR,85,StafMa00
2021,Courtland Sutton,WR,DEN,85.7,SuttCo00
2021,Laviska Shenault Jr.,WR,JAX,85.9,ShenLa00
2021,Robert Tonyan Jr.,TE,GB,87.2,TonyRo00
2021,Corey Davis,WR,NYJ,89.6,DaviCo03
2021,Deebo Samuel,WR,SF,89.8,SamuDe00
2021,Leonard Fournette,RB,TB,90.1,FourLe00
2021,Marquez Callaway,WR,NO,90.5,CallMa01
2021,Devin Singletary,RB,BUF,91.2,SingDe00
2021,Jamaal Williams,RB,DET,92,WillJa06
2021,Sony Michel,RB,LAR,93.4,MichSo00
2021,Dallas Goedert,TE,PHI,93.9,GoedDa00
2021,Tyler Higbee,TE,LAR,95.8,HigbTy00
2021,Ryan Tannehill,QB,TEN,96.1,TannRy00
2021,James Conner,RB,ARI,96.2,ConnJa00
2021,Tyler Boyd,WR,CIN,97.3,BoydTy00
2021,Jaylen Waddle,WR,MIA,99.2,WaddJa00
2021,Mecole Hardman,WR,KC,100,HardMe00
2021,Jalen Hurts,QB,PHI,100.2,HurtJa00
2021,Tony Pollard,RB,DAL,102.7,PollTo00
2021,Brandin Cooks,WR,HOU,102.9,CookBr00
2021,Kenyan Drake,RB,LV,102.9,DrakKe00
2021,Michael Pittman Jr.,WR,IND,104.4,PittMi01
2021,Alexander Mattison,RB,MIN,106.5,MattAl01
2021,Phillip Lindsay,RB,MIA,107.5,LindPh00
2021,Darnell Mooney,WR,CHI,109,MoonDa00
2021,Joe Burrow,QB,CIN,112.4,BurrJo01
2021,D.J. Chark,WR,JAX,112.8,CharDJ00
2021,Mike Gesicki,TE,MIA,114.3,GesiMi00
2021,David Johnson,RB,HOU,115,JohnDa08
2021,Jakobi Meyers,WR,NE,116.2,MeyeJa01
2021,Mike Williams,WR,LAC,116.2,WillMi07
2021,J.D. McKissic,RB,WAS,116.8,McKiJ.00
2021,Jarvis Landry,WR,CLE,118.2,LandJa00
2021,Trey Lance,QB,SF,118.2,LancTr00
2021,Irv Smith Jr.,TE,MIN,120.3,SmitIr01
2021,Nyheim Hines,RB,IND,120.6,HineNy00
2021,Giovani Bernard,RB,TB,120.9,BernGi00
2021,Rhamondre Stevenson,RB,NE,121.3,StevRh00
2021,Henry Ruggs III,WR,LV,123.9,RuggHe00
2021,Justin Fields,QB,CHI,125.6,FielJu00
2021,Marvin Jones,WR,JAX,126,JoneMa02
2021,Chuba Hubbard,RB,CAR,127.6,HubbCh01
2021,James White,RB,NE,128.8,WhitJa02
2021,Will Fuller,WR,MIA,129.2,FullWi01
2021,Matt Ryan,QB,ATL,129.8,RyanMa00
2021,Latavius Murray,RB,BAL,130.6,MurrLa00
2021,Jonnu Smith,TE,NE,130.7,SmitJo01
2021,Elijah Moore,WR,NYJ,132.6,MoorEl00
2021,Russell Gage,WR,ATL,133.8,GageRu00
2021,Baker Mayfield,QB,CLE,134.3,MayfBa00
2021,Michael Gallup,WR,DAL,135.4,GallMi00
2021,Jameis Winston,QB,NO,137.3,WinsJa00
2021,Rashaad Penny,RB,SEA,137.9,PennRa00
2021,Tevin Coleman,RB,NYJ,139,ColeTe01
2021,Curtis Samuel,WR,WAS,140.2,SamuCu00
2021,Marquise Brown,WR,BAL,140.9,BrowMa04
2021,Rob Gronkowski,TE,TB,142.8,GronRo00
2021,Ben Roethlisberger,QB,PIT,143.2,RoetBe00
2021,Gabriel Davis,WR,BUF,144.3,DaviGa01
2021,Trevor Lawrence,QB,JAX,144.7,LawrTr00
2021,Damien Williams,RB,CHI,146,WillDa05
2021,Rondale Moore,WR,ARI,146.4,MoorRo02
2021,Bryan Edwards,WR,LV,148.2,EdwaBr01
2021,Terrace Marshall Jr.,WR,CAR,149,MarsTe00
2021,Zach Wilson,QB,NYJ,149.1,WilsZa00
2021,Hunter Henry,TE,NE,149.7,HenrHu00
2021,Darrel Williams,RB,KC,150.3,WillDa10
2021,Evan Engram,TE,NYG,150.9,EngrEv00
2021,Cole Beasley,WR,BUF,150.9,BeasCo00
2021,Adam Trautman,TE,NO,151.9,TrauAd00
2021,Mark Ingram,RB,NO,154.2,IngrMa01
2021,Justin Jackson,RB,LAC,154.6,JackJu01
2021,Kenneth Gainwell,RB,PHI,154.8,GainKe00
2021,Jared Cook,TE,LAC,155,CookJa02
2021,Devontae Booker,RB,NYG,155.5,BookDe00
2021,A.J. Green,WR,ARI,156.6,GreeA.00
2021,Gerald Everett,TE,SEA,156.6,EverGe00
2021,Zach Ertz,TE,ARI,157.1,ErtzZa00
2021,Pat Freiermuth,TE,PIT,157.3,FreiPa00
2021,Mac Jones,QB,NE,157.4,JoneMa05
2021,Amon-Ra St. Brown,WR,DET,158.5,StxxAm00
2021,Tony Jones Jr.,RB,NO,158.8,JoneTo04
2021,Marlon Mack,RB,IND,158.8,MackMa00
2021,Randall Cobb,WR,GB,159.7,CobbRa00
2021,Jerick McKinnon,RB,KC,159.7,McKiJe00
2021,Tyrell Williams,WR,DET,160,WillTy00
2021,Tua Tagovailoa,QB,MIA,160.6,TagoTu00
2021,Kirk Cousins,QB,MIN,160.9,CousKi00
2021,Malcolm Brown,RB,MIA,161.7,BrowMa03
2021,DeVante Parker,WR,MIA,162.3,ParkDe01
2021,Ryan Fitzpatrick,QB,WAS,163.3,FitzRy00
2021,Deshaun Watson,QB,HOU,163.6,WatsDe00
2021,Carson Wentz,QB,IND,167.1,WentCa00
2021,Nelson Agholor,WR,NE,170.7,AghoNe00
2021,Marquez Valdes-Scantling,WR,GB,170.9,ValdMa00
2021,Carlos Hyde,RB,JAX,172.7,HydeCa00
2022,Jonathan Taylor,RB,IND,1.3,TaylJo02
2022,Christian McCaffrey,RB,SF,2.4,McCaCh01
2022,Austin Ekeler,RB,LAC,2.7,EkelAu00
2022,Derrick Henry,RB,TEN,4.3,HenrDe00
2022,Justin Jefferson,WR,MIN,4.6,JeffJu00
2022,Cooper Kupp,WR,LAR,5.7,KuppCo00
2022,Najee Harris,RB,PIT,7.1,HarrNa00
2022,Dalvin Cook,RB,MIN,7.5,CookDa01
2022,Ja'Marr Chase,WR,CIN,8.7,ChasJa00
2022,Joe Mixon,RB,CIN,10.1,MixoJo00
2022,Alvin Kamara,RB,NO,10.9,KamaAl00
2022,Davante Adams,WR,LV,12,AdamDa01
2022,D'Andre Swift,RB,DET,12.8,SwifDA00
2022,Stefon Diggs,WR,BUF,13.6,DiggSt00
2022,Aaron Jones,RB,GB,14.9,JoneAa00
2022,Saquon Barkley,RB,NYG,15.5,BarkSa00
2022,Travis Kelce,TE,KC,16.5,KelcTr00
2022,CeeDee Lamb,WR,DAL,17.5,LambCe00
2022,Nick Chubb,RB,CLE,18.8,ChubNi00
2022,Deebo Samuel,WR,SF,19.6,SamuDe00
2022,Javonte Williams,RB,DEN,20.2,WillJa10
2022,Josh Allen,QB,BUF,20.4,AlleJo02
2022,Leonard Fournette,RB,TB,21.9,FourLe00
2022,Tyreek Hill,WR,MIA,22.7,HillTy00
2022,Michael Pittman Jr.,WR,IND,24.9,PittMi01
2022,Mark Andrews,TE,BAL,25.5,AndrMa00
2022,Mike Evans,WR,TB,26.5,EvanMi00
2022,Ezekiel Elliott,RB,DAL,27.7,ElliEz00
2022,James Conner,RB,ARI,28.4,ConnJa00
2022,Keenan Allen,WR,LAC,29.5,AlleKe00
2022,A.J. Brown,WR,PHI,30.4,BrowAJ00
2022,Kyle Pitts,TE,ATL,31.2,PittKy00
2022,Tee Higgins,WR,CIN,32.5,HiggTe00
2022,Cam Akers,RB,LAR,33.1,AkerCa00
2022,Justin Herbert,QB,LAC,33.2,HerbJu00
2022,Travis Etienne,RB,JAX,33.6,EtieTr00
2022,D.J. Moore,WR,CAR,35.9,MoorD.00
2022,Terry McLaurin,WR,WAS,38,McLaTe00
2022,Patrick Mahomes,QB,KC,38.3,MahoPa00
2022,J.K. Dobbins,RB,BAL,38.8,DobbJK00
2022,David Montgomery,RB,CHI,39.3,MontDa01
2022,Mike Williams,WR,LAC,39.6,WillMi07
2022,Elijah Mitchell,RB,SF,42.4,MitcEl00
2022,Diontae Johnson,WR,PIT,43.4,JohnDi01
2022,George Kittle,TE,SF,44.2,KittGe00
2022,Breece Hall,RB,NYJ,44.4,HallBr03
2022,Courtland Sutton,WR,DEN,45.3,SuttCo00
2022,Joe Burrow,QB,CIN,46.1,BurrJo01
2022,Josh Jacobs,RB,LV,46.8,JacoJo01
2022,Jaylen Waddle,WR,MIA,47.7,WaddJa00
2022,A.J. Dillon,RB,GB,48.7,DillAJ00
2022,Darren Waller,TE,LV,50.4,WallDa01
2022,Lamar Jackson,QB,BAL,51.3,JackLa00
2022,D.K. Metcalf,WR,SEA,51.4,MetcDK00
2022,Michael Thomas,WR,NO,52.3,ThomMi05
2022,Allen Robinson,WR,LAR,53.5,RobiAl02
2022,Clyde Edwards-Helaire,RB,KC,54.3,EdwaCl00
2022,Jalen Hurts,QB,PHI,56.3,HurtJa00
2022,Chris Godwin,WR,TB,56.5,GodwCh00
2022,Brandin Cooks,WR,HOU,56.7,CookBr00
2022,Damien Harris,RB,NE,59.8,HarrDa06
2022,Kyler Murray,QB,ARI,61.6,MurrKy00
2022,Jerry Jeudy,WR,DEN,61.7,JeudJe00
2022,Miles Sanders,RB,PHI,61.7,SandMi01
2022,Dalton Schultz,TE,DAL,62.6,SchuDa00
2022,Gabriel Davis,WR,BUF,62.9,DaviGa01
2022,Rashaad Penny,RB,SEA,63.3,PennRa00
2022,Adam Thielen,WR,MIN,63.8,ThieAd00
2022,Darnell Mooney,WR,CHI,68.1,MoonDa00
2022,Marquise Brown,WR,ARI,68.7,BrowMa04
2022,Kareem Hunt,RB,CLE,68.9,HuntKa00
2022,Chase Edmonds,RB,DEN,69.6,EdmoCh00
2022,Dameon Pierce,RB,HOU,70.5,PierDa01
2022,Tony Pollard,RB,DAL,70.8,PollTo00
2022,Hunter Renfrow,WR,LV,71.2,RenfHu00
2022,Russell Wilson,QB,DEN,72.5,WilsRu00
2022,Amon-Ra St. Brown,WR,DET,73.4,StxxAm00
2022,Devin Singletary,RB,BUF,74.4,SingDe00
2022,Dallas Goedert,TE,PHI,75.2,GoedDa00
2022,JuJu Smith-Schuster,WR,KC,75.9,SmitJu00
2022,Rhamondre Stevenson,RB,NE,76,StevRh00
2022,Aaron Rodgers,QB,GB,80.2,RodgAa00
2022,Rashod Bateman,WR,BAL,81,BateRa00
2022,Dak Prescott,QB,DAL,83.6,PresDa01
2022,Amari Cooper,WR,CLE,84.2,CoopAm00
2022,Melvin Gordon,RB,KC,85.4,GordMe00
2022,DeVonta Smith,WR,PHI,86.6,SmitDe07
2022,Tom Brady,QB,TB,86.8,BradTo00
2022,Elijah Moore,WR,NYJ,87.9,MoorEl00
2022,Zach Ertz,TE,ARI,89,ErtzZa00
2022,Allen Lazard,WR,GB,89.5,LazaAl00
2022,DeAndre Hopkins,WR,ARI,90,HopkDe00
2022,Brandon Aiyuk,WR,SF,90,AiyuBr00
2022,Matthew Stafford,QB,LAR,90.3,StafMa00
2022,Cordarrelle Patterson,RB,ATL,91.4,PattCo00
2022,James Cook,RB,BUF,92,CookJa01
2022,Kenneth Walker III,RB,SEA,92.9,WalkKe00
2022,Nyheim Hines,RB,BUF,93.9,HineNy00
2022,Christian Kirk,WR,JAX,96.2,KirkCh01
2022,Trey Lance,QB,SF,97.7,LancTr00
2022,Pat Freiermuth,TE,PIT,100,FreiPa00
2022,James Robinson,RB,NYJ,101.5,RobiJa00
2022,Raheem Mostert,RB,MIA,101.9,MostRa00
2022,Drake London,WR,ATL,102.2,LondDr00
2022,Robert Woods,WR,TEN,102.5,WoodRo02
2022,Kadarius Toney,WR,KC,102.7,ToneKa00
2022,Derek Carr,QB,LV,103.1,CarrDe02
2022,Cole Kmet,TE,CHI,103.6,KmetCo00
2022,Kenneth Gainwell,RB,PHI,105.8,GainKe00
2022,Tyler Allgeier,RB,ATL,107.6,AllgTy00
2022,Kirk Cousins,QB,MIN,108.6,CousKi00
2022,J.D. McKissic,RB,WAS,110.2,McKiJ.00
2022,Chris Olave,WR,NO,110.4,OlavCh00
2022,Dawson Knox,TE,BUF,111.5,KnoxDa00
2022,Darrell Henderson,RB,JAX,111.9,HendDa00
2022,Tyler Lockett,WR,SEA,112.5,LockTy00
2022,Brian Robinson Jr.,RB,WAS,112.7,RobiBr01
2022,Michael Carter,RB,NYJ,113.3,CartMi03
2022,Antonio Gibson,RB,WAS,114.7,GibsAn00
2022,Isiah Pacheco,RB,KC,118,PachIs00
2022,Skyy Moore,WR,KC,118.1,MoorSk01
2022,Michael Gallup,WR,DAL,118.2,GallMi00
2022,T.J. Hockenson,TE,MIN,120.2,HockTJ00
2022,Julio Jones,WR,TB,120.9,JoneJu02
2022,Tua Tagovailoa,QB,MIA,121.2,TagoTu00
2022,Jamaal Williams,RB,DET,121.7,WillJa06
2022,Tyler Boyd,WR,CIN,123,BoydTy00
2022,Rachaad White,RB,TB,123.3,WhitRa01
2022,George Pickens,WR,PIT,123.6,PickGe00
2022,Alexander Mattison,RB,MIN,128.9,MattAl01
2022,Marquez Valdes-Scantling,WR,KC,129,ValdMa00
2022,Treylon Burks,WR,TEN,129.3,BurkTr00
2022,Zamir White,RB,LV,130.5,WhitZa01
2022,Matt Ryan,QB,IND,132.9,RyanMa00
2022,Chase Claypool,WR,CHI,133.7,ClayCh01
2022,Romeo Doubs,WR,GB,134.1,DoubRo00
2022,Hunter Henry,TE,NE,134.1,HenrHu00
2022,DeVante Parker,WR,NE,134.9,ParkDe01
2022,Justin Fields,QB,CHI,138,FielJu00
2022,Rondale Moore,WR,ARI,142.5,MoorRo02
2022,Trevor Lawrence,QB,JAX,142.9,LawrTr00
2022,Irv Smith Jr.,TE,MIN,146,SmitIr01
2022,Robert Tonyan Jr.,TE,GB,147.9,TonyRo00
2022,Jameis Winston,QB,NO,150.1,WinsJa00
2022,Isaiah McKenzie,WR,BUF,152.6,McKeIs00
2022,Nico Collins,WR,HOU,153.8,CollNi00
2023,Christian McCaffrey,RB,SF,1.5,McCaCh01
2023,Justin Jefferson,WR,MIN,1.7,JeffJu00
2023,Austin Ekeler,RB,LAC,3,EkelAu00
2023,Ja'Marr Chase,WR,CIN,3.8,ChasJa00
2023,Bijan Robinson,RB,FA,5.1,RobiBi01
2023,Travis Kelce,TE,KC,5.8,KelcTr00
2023,Cooper Kupp,WR,LAR,6.4,KuppCo00
2023,Jonathan Taylor,RB,IND,8.3,TaylJo02
2023,Saquon Barkley,RB,NYG,8.4,BarkSa00
2023,Tyreek Hill,WR,MIA,8.7,HillTy00
2023,Nick Chubb,RB,CLE,10.1,ChubNi00
2023,Stefon Diggs,WR,BUF,12.6,DiggSt00
2023,Davante Adams,WR,LV,12.6,AdamDa01
2023,Tony Pollard,RB,DAL,14.8,PollTo00
2023,Josh Jacobs,RB,LV,14.8,JacoJo01
2023,Derrick Henry,RB,TEN,15.5,HenrDe00
2023,Amon-Ra St. Brown,WR,DET,16.6,StxxAm00
2023,A.J. Brown,WR,PHI,17,BrowAJ00
2023,CeeDee Lamb,WR,DAL,18.1,LambCe00
2023,Rhamondre Stevenson,RB,NE,20.2,StevRh00
2023,Najee Harris,RB,PIT,20.9,HarrNa00
2023,Mark Andrews,TE,BAL,22.4,AndrMa00
2023,Garrett Wilson,WR,NYJ,22.7,WilsGa00
2023,Travis Etienne,RB,JAX,23.1,EtieTr00
2023,Patrick Mahomes,QB,KC,24.1,MahoPa00
2023,Breece Hall,RB,NYJ,24.7,HallBr03
2023,Jaylen Waddle,WR,MIA,24.9,WaddJa00
2023,Joe Mixon,RB,CIN,27.5,MixoJo00
2023,Kenneth Walker III,RB,SEA,29.3,WalkKe00
2023,Aaron Jones,RB,GB,29.7,JoneAa00
2023,Tee Higgins,WR,CIN,30.5,HiggTe00
2023,Chris Olave,WR,NO,31.4,OlavCh00
2023,Deebo Samuel,WR,SF,31.8,SamuDe00
2023,Dalvin Cook,RB,MIN,32.7,CookDa01
2023,Josh Allen,QB,BUF,33.7,AlleJo02
2023,D.K. Metcalf,WR,SEA,34,MetcDK00
2023,DeVonta Smith,WR,PHI,35.3,SmitDe07
2023,T.J. Hockenson,TE,MIN,37.1,HockTJ00
2023,Jalen Hurts,QB,PHI,38.7,HurtJa00
2023,David Montgomery,RB,DET,39.1,MontDa01
2023,Alexander Mattison,RB,MIN,39.5,MattAl01
2023,Keenan Allen,WR,LAC,40.1,AlleKe00
2023,Chris Godwin,WR,TB,41.7,GodwCh00
2023,D'Andre Swift,RB,PHI,43.1,SwifDA00
2023,Dameon Pierce,RB,HOU,43.3,PierDa01
2023,Amari Cooper,WR,CLE,45,CoopAm00
2023,Michael Pittman Jr.,WR,IND,45.9,PittMi01
2023,James Conner,RB,ARI,47.2,ConnJa00
2023,Javonte Williams,RB,DEN,48.1,WillJa10
2023,J.K. Dobbins,RB,BAL,48.7,DobbJK00
2023,George Kittle,TE,SF,49.5,KittGe00
2023,D.J. Moore,WR,CHI,49.6,MoorD.00
2023,Cam Akers,RB,LAR,51,AkerCa00
2023,Jahmyr Gibbs,RB,FA,52.8,GibbJa01
2023,Joe Burrow,QB,CIN,52.8,BurrJo01
2023,Kyle Pitts,TE,ATL,53.5,PittKy00
2023,Mike Evans,WR,TB,54.1,EvanMi00
2023,DeAndre Hopkins,WR,TEN,54.7,HopkDe00
2023,Diontae Johnson,WR,PIT,55,JohnDi01
2023,Terry McLaurin,WR,WAS,55.4,McLaTe00
2023,Miles Sanders,RB,CAR,55.9,SandMi01
2023,Lamar Jackson,QB,BAL,58.2,JackLa00
2023,Alvin Kamara,RB,NO,59.3,KamaAl00
2023,Rachaad White,RB,TB,62.7,WhitRa01
2023,Kadarius Toney,WR,KC,62.8,ToneKa00
2023,Dallas Goedert,TE,PHI,63,GoedDa00
2023,Isiah Pacheco,RB,KC,66,PachIs00
2023,Mike Williams,WR,LAC,66,WillMi07
2023,Justin Herbert,QB,LAC,67.2,HerbJu00
2023,Tyler Lockett,WR,SEA,67.5,LockTy00
2023,Jerry Jeudy,WR,DEN,68.3,JeudJe00
2023,Christian Kirk,WR,JAX,69.2,KirkCh01
2023,Darren Waller,TE,NYG,69.4,WallDa01
2023,Brandon Aiyuk,WR,SF,72,AiyuBr00
2023,Justin Fields,QB,CHI,73.2,FielJu00
2023,Drake London,WR,ATL,73.8,LondDr00
2023,Calvin Ridley,WR,JAX,74.4,RidlCa00
2023,Antonio Gibson,RB,WAS,75.6,GibsAn00
2023,A.J. Dillon,RB,GB,75.8,DillAJ00
2023,Marquise Brown,WR,ARI,75.9,BrowMa04
2023,Dak Prescott,QB,DAL,77.8,PresDa01
2023,James Cook,RB,BUF,78.9,CookJa01
2023,Damien Harris,RB,BUF,78.9,HarrDa06
2023,Christian Watson,WR,GB,81.5,WatsCh00
2023,Courtland Sutton,WR,DEN,81.7,SuttCo00
2023,Brandin Cooks,WR,DAL,83.4,CookBr00
2023,Tyler Allgeier,RB,ATL,85.4,AllgTy00
2023,Trevor Lawrence,QB,JAX,85.5,LawrTr00
2023,Treylon Burks,WR,TEN,86.4,BurkTr00
2023,Pat Freiermuth,TE,PIT,86.8,FreiPa00
2023,Rashaad Penny,RB,PHI,87,PennRa00
2023,Darnell Mooney,WR,CHI,87.1,MoonDa00
2023,Jamaal Williams,RB,NO,90.1,WillJa06
2023,Brian Robinson Jr.,RB,WAS,90.4,RobiBr01
2023,Rashod Bateman,WR,BAL,91,BateRa00
2023,JuJu Smith-Schuster,WR,NE,94.5,SmitJu00
2023,Dalton Schultz,TE,HOU,96.2,SchuDa00
2023,David Njoku,TE,CLE,97.1,NjokDa00
2023,Elijah Mitchell,RB,SF,97.4,MitcEl00
2023,Aaron Rodgers,QB,NYJ,97.5,RodgAa00
2023,George Pickens,WR,PIT,98.2,PickGe00
2023,Jakobi Meyers,WR,LV,98.9,MeyeJa01
2023,Gabriel Davis,WR,BUF,99.3,DaviGa01
2023,Kareem Hunt,RB,CLE,99.8,HuntKa00
2023,Evan Engram,TE,JAX,100.3,EngrEv00
2023,Deshaun Watson,QB,CLE,100.5,WatsDe00
2023,Jahan Dotson,WR,WAS,102.4,DotsJa00
2023,Raheem Mostert,RB,MIA,103.9,MostRa00
2023,Tua Tagovailoa,QB,MIA,104.4,TagoTu00
2023,Ezekiel Elliott,RB,DAL,106.1,ElliEz00
2023,Elijah Moore,WR,CLE,106.1,MoorEl00
2023,Devin Singletary,RB,HOU,107.9,SingDe00
2023,Kenneth Gainwell,RB,PHI,109.3,GainKe00
2023,Kirk Cousins,QB,MIN,110.1,CousKi00
2023,Michael Thomas,WR,NO,110.6,ThomMi05
2023,Rondale Moore,WR,ARI,114.6,MoorRo02
2023,Cordarrelle Patterson,RB,ATL,115,PattCo00
2023,Jerick McKinnon,RB,KC,115.3,McKiJe00
2023,Allen Lazard,WR,NYJ,115.6,LazaAl00
2023,Donta Foreman,RB,CHI,116.7,ForeDO00
2023,Adam Thielen,WR,CAR,118.3,ThieAd00
2023,Dawson Knox,TE,BUF,118.6,KnoxDa00
2023,Skyy Moore,WR,KC,120.2,MoorSk01
2023,Cole Kmet,TE,CHI,121.7,KmetCo00
2023,Tyler Boyd,WR,CIN,122.4,BoydTy00
2023,Samaje Perine,RB,DEN,123.1,PeriSa00
2023,Russell Wilson,QB,DEN,123.2,WilsRu00
2023,Hunter Renfrow,WR,LV,124.8,RenfHu00
2023,Michael Carter,RB,NYJ,125.1,CartMi03
2023,Daniel Jones,QB,NYG,126.8,JoneDa05
2023,Nico Collins,WR,HOU,127.1,CollNi00
2023,Leonard Fournette,RB,TB,128.2,FourLe00
2023,Chase Edmonds,RB,TB,129.2,EdmoCh00
2023,Kayshon Boutte,WR,FA,129.8,BoutKa00
2023,Clyde Edwards-Helaire,RB,KC,130.9,EdwaCl00
2023,Kyler Murray,QB,ARI,131,MurrKy00
2023,Zay Jones,WR,JAX,131.8,JoneZa00
2023,Jameson Williams,WR,DET,132,WillJa11
2023,Jared Goff,QB,DET,133.2,GoffJa00
2023,Gerald Everett,TE,LAC,135.7,EverGe00
2023,Jaxon Smith-Njigba,WR,FA,137.4,SmitJa06
2023,Michael Gallup,WR,DAL,138,GallMi00
2023,Zay Flowers,WR,FA,138.7,FlowZa00
2023,Jordan Addison,WR,FA,139.1,AddiJo00
2023,Tyler Higbee,TE,LAR,139.8,HigbTy00
2023,James Robinson,RB,NYG,140.3,RobiJa00
2023,Quentin Johnston,WR,FA,140.9,JohnQu02
2023,Derek Carr,QB,NO,140.9,CarrDe02
2023,Nyheim Hines,RB,BUF,141,HineNy00
2023,Tank Bigsby,RB,FA,142.2,BigsTa00
2023,Donovan Peoples-Jones,WR,FA,142.5,PeopDo00
2023,Anthony Richardson,QB,FA,142.9,RichAn03
2023,Allen Robinson,WR,PIT,143.2,RobiAl02
2023,Dalton Kincaid,TE,FA,143.4,KincDa00
2023,Zach Charbonnet,RB,FA,145,CharZa00
2023,Wan'Dale Robinson,WR,NYG,145.1,RobiWa01
2023,Zamir White,RB,LV,145.8,WhitZa01
2023,Kendre Miller,RB,FA,146.2,MillKe01
2023,Devon Achane,RB,FA,146.4,AchaDe00
2023,Jaylen Warren,RB,PIT,146.4,WarrJa01
2023,Roschon Johnson,RB,FA,146.9,JohnRo07
2023,Geno Smith,QB,SEA,147.6,SmitGe00
2023,Chase Claypool,WR,CHI,149.6,ClayCh01
2023,Matthew Stafford,QB,LAR,150,StafMa00
2023,Mike Gesicki,TE,NE,151.2,GesiMi00
2023,Greg Dulcich,TE,DEN,151.6,DulcGr00
2023,D'Ernest Johnson,RB,JAX,152.6,JohnDE04
2023,Irv Smith Jr.,TE,CIN,152.7,SmitIr01
2023,Romeo Doubs,WR,GB,153.2,DoubRo00
2023,Chigoziem Okonkwo,TE,TEN,153.4,OkonCh00
2023,Zach Ertz,TE,ARI,153.5,ErtzZa00
2023,Desmond Ridder,QB,ATL,154,RiddDe00
2023,Chuba Hubbard,RB,CAR,155.7,HubbCh01
2023,Jerome Ford,RB,CLE,156.3,FordJe00
2023,Isaiah Spiller,RB,LAC,157.1,SpilIs00
2023,Hayden Hurst,TE,CAR,157.2,HursHa00
2023,K.J. Osborn,WR,MIN,157.3,OsboKJ00
2023,Taysom Hill,TE,NO,157.4,HillTa00
2023,Jordan Love,QB,GB,157.8,LoveJo03
2023,Trey Lance,QB,SF,158,LancTr00
2023,Brock Purdy,QB,SF,158.1,PurdBr00
2023,Alec Pierce,WR,IND,158.1,PierAl00
2023,Gus Edwards,RB,BAL,158.3,EdwaGu00
2023,Hunter Henry,TE,NE,158.3,HenrHu00
2023,Bryce Young,QB,FA,158.6,YounBr01
2023,Marquez Valdes-Scantling,WR,KC,159.4,ValdMa00
2023,Noah Fant,TE,SEA,159.7,FantNo00
2023,Kenny Pickett,QB,PIT,160.2,PickKe00
2023,Joshua Kelley,RB,LAC,160.6,KellJo01
2023,Mecole Hardman,WR,NYJ,161.2,HardMe00
2023,Isaiah Hodgins,WR,NYG,161.5,HodgIs00
2023,Curtis Samuel,WR,WAS,161.6,SamuCu00
2023,Robert Woods,WR,HOU,162.1,WoodRo02
2023,Melvin Gordon,RB,BAL,163.2,GordMe00
2023,Zack Moss,RB,IND,163.5,MossZa00
2023,Parris Campbell,WR,NYG,166.3,CampPa00
2023,Pierre Strong Jr.,RB,NE,166.4,StroPi00
2023,John Metchie III,WR,HOU,166.6,MetcJo00
2023,Jimmy Garoppolo,QB,LV,167.3,GaroJi00
2023,DeVante Parker,WR,NE,168,ParkDe01
2023,Darius Slayton,WR,NYG,168.5,SlayDa01
2023,Van Jefferson,WR,LAR,170.1,JeffVa00
